Index,x_ground,y_ground,z_ground,max_height
1,1.9314138150818179,0.0,-0.1490971137708879,1.0852316332530023
2,3.8503032738052956,0.0,0.06690497967226246,1.3932026923519079
3,1.6068045095115404,0.0,0.09577310779360469,1.0251969691162623
4,1.9314138150818179,0.0,-0.1490971137708879,1.0852316332530023
5,3.8503032738052956,0.0,0.06690497967226246,1.3932026923519079
6,1.606814557107465,0.0,0.09577358110018687,1.0252012702559776
7,1.9314138150818179,0.0,-0.1490971137708879,1.0852316332530023
8,3.8503032738052956,0.0,0.06690497967226246,1.3932026923519079
9,1.606814557107465,0.0,0.09577358110018687,1.0252012702559776
10,1.9314138150818179,0.0,-0.1490971137708879,1.0852316332530023
11,3.8503032738052956,0.0,0.06690497967226246,1.3932026923519079
12,1.606814557107465,0.0,0.09577358110018687,1.0252012702559776
13,1.9314138150818179,0.0,-0.1490971137708879,1.0852316332530023
14,3.8503032738052956,0.0,0.06690497967226246,1.3932026923519079
15,1.606814557107465,0.0,0.09577358110018687,1.0252012702559776
16,1.9314138150818179,0.0,-0.1490971137708879,1.0852316332530023
17,3.8503032738052956,0.0,0.06690497967226246,1.3932026923519079
18,1.606814557107465,0.0,0.09577358110018687,1.0252012702559776
19,1.9314138150818179,0.0,-0.1490971137708879,1.0852316332530023
20,3.8503032738052956,0.0,0.06690497967226246,1.3932026923519079
21,1.6068045095115404,0.0,0.09577310779360469,1.0251969691162623
22,1.9314138150818179,0.0,-0.1490971137708879,1.0852316332530023
23,3.8503032738052956,0.0,0.06690497967226246,1.3932026923519079
24,1.606814557107465,0.0,0.09577358110018687,1.0252012702559776
25,1.9314138150818179,0.0,-0.1490971137708879,1.0852316332530023
26,3.8503032738052956,0.0,0.06690497967226246,1.3932026923519079
27,1.606814557107465,0.0,0.09577358110018687,1.0252012702559776
28,1.9314138150818179,0.0,-0.1490971137708879,1.0852316332530023
29,3.8503032738052956,0.0,0.06690497967226246,1.3932026923519079
30,1.606814557107465,0.0,0.09577358110018687,1.0252012702559776
31,1.9314138150818179,0.0,-0.1490971137708879,1.0852316332530023
32,3.8503032738052956,0.0,0.06690497967226246,1.3932026923519079
33,1.606814557107465,0.0,0.09577358110018687,1.0252012702559776
34,1.9314138150818179,0.0,-0.1490971137708879,1.0852316332530023
35,3.8503032738052956,0.0,0.06690497967226246,1.3932026923519079
36,1.606814557107465,0.0,0.09577358110018687,1.0252012702559776
37,1.9314138150818179,0.0,-0.1490971137708879,1.0852316332530023
38,3.8503032738052956,0.0,0.06690497967226246,1.3932026923519079
39,1.606814557107465,0.0,0.09577358110018687,1.0252012702559776
40,1.9314138150818179,0.0,-0.1490971137708879,1.0852316332530023
41,3.8503032738052956,0.0,0.06690497967226246,1.3932026923519079
42,1.606814557107465,0.0,0.09577358110018687,1.0252012702559776
43,1.9314138150818179,0.0,-0.1490971137708879,1.0852316332530023
44,3.8503032738052956,0.0,0.06690497967226246,1.3932026923519079
45,1.606814557107465,0.0,0.09577358110018687,1.0252012702559776
46,1.9314138150818179,0.0,-0.1490971137708879,1.0852316332530023
47,3.8503032738052956,0.0,0.06690497967226246,1.3932026923519079
48,1.606814557107465,0.0,0.09577358110018687,1.0252012702559776
49,1.9314138150818179,0.0,-0.1490971137708879,1.0852316332530023
50,3.8503032738052956,0.0,0.06690497967226246,1.3932026923519079
51,1.606814557107465,0.0,0.09577358110018687,1.0252012702559776
52,1.9314138150818179,0.0,-0.1490971137708879,1.0852316332530023
53,3.8503032738052956,0.0,0.06690497967226246,1.3932026923519079
54,1.606814557107465,0.0,0.09577358110018687,1.0252012702559776
55,1.9314138150818179,0.0,-0.1490971137708879,1.0852316332530023
56,3.8503032738052956,0.0,0.06690497967226246,1.3932026923519079
57,1.606814557107465,0.0,0.09577358110018687,1.0252012702559776
58,1.9314138150818179,0.0,-0.1490971137708879,1.0852316332530023
59,3.8503032738052956,0.0,0.06690497967226246,1.3932026923519079
60,1.606814557107465,0.0,0.09577358110018687,1.0252012702559776
61,1.9314138150818179,0.0,-0.1490971137708879,1.0852316332530023
62,3.8503032738052956,0.0,0.06690497967226246,1.3932026923519079
63,1.606814557107465,0.0,0.09577358110018687,1.0252012702559776
64,1.9314138150818179,0.0,-0.1490971137708879,1.0852316332530023
65,3.8503032738052956,0.0,0.06690497967226246,1.3932026923519079
66,1.606814557107465,0.0,0.09577358110018687,1.0252012702559776
67,1.9314138150818179,0.0,-0.1490971137708879,1.0852316332530023
68,3.8503032738052956,0.0,0.06690497967226246,1.3932026923519079
69,1.606814557107465,0.0,0.09577358110018687,1.0252012702559776
70,1.9314138150818179,0.0,-0.1490971137708879,1.0852316332530023
71,3.8503032738052956,0.0,0.06690497967226246,1.3932026923519079
72,1.606814557107465,0.0,0.09577358110018687,1.0252012702559776
73,1.9314138150818179,0.0,-0.1490971137708879,1.0852316332530023
74,3.8503032738052956,0.0,0.06690497967226246,1.3932026923519079
75,1.606814557107465,0.0,0.09577358110018687,1.0252012702559776
76,1.9314138150818179,0.0,-0.1490971137708879,1.0852316332530023
77,3.8503032738052956,0.0,0.06690497967226246,1.3932026923519079
78,1.606814557107465,0.0,0.09577358110018687,1.0252012702559776
79,1.9314138150818179,0.0,-0.1490971137708879,1.0852316332530023
80,3.8503032738052956,0.0,0.06690497967226246,1.3932026923519079
81,1.606814557107465,0.0,0.09577358110018687,1.0252012702559776
82,1.9314138150818179,0.0,-0.1490971137708879,1.0852316332530023
83,3.8503032738052956,0.0,0.06690497967226246,1.3932026923519079
84,1.606814557107465,0.0,0.09577358110018687,1.0252012702559776
85,1.9314138150818179,0.0,-0.1490971137708879,1.0852316332530023
86,3.8503032738052956,0.0,0.06690497967226246,1.3932026923519079
87,1.606814557107465,0.0,0.09577358110018687,1.0252012702559776
88,1.9314138150818179,0.0,-0.1490971137708879,1.0852316332530023
89,3.8503032738052956,0.0,0.06690497967226246,1.3932026923519079
90,1.606814557107465,0.0,0.09577358110018687,1.0252012702559776
91,1.9314138150818179,0.0,-0.1490971137708879,1.0852316332530023
92,3.8503032738052956,0.0,0.06690497967226246,1.3932026923519079
93,1.606814557107465,0.0,0.09577358110018687,1.0252012702559776
94,1.9314138150818179,0.0,-0.1490971137708879,1.0852316332530023
95,3.8503032738052956,0.0,0.06690497967226246,1.3932026923519079
96,1.606814557107465,0.0,0.09577358110018687,1.0252012702559776
97,1.9314138150818179,0.0,-0.1490971137708879,1.0852316332530023
98,3.8503032738052956,0.0,0.06690497967226246,1.3932026923519079
99,1.606814557107465,0.0,0.09577358110018687,1.0252012702559776
100,1.9314138150818179,0.0,-0.1490971137708879,1.0852316332530023
101,3.8503032738052956,0.0,0.06690497967226246,1.3932026923519079
102,1.606814557107465,0.0,0.09577358110018687,1.0252012702559776
103,1.9314138150818179,0.0,-0.1490971137708879,1.0852316332530023
104,3.8503032738052956,0.0,0.06690497967226246,1.3932026923519079
105,1.606814557107465,0.0,0.09577358110018687,1.0252012702559776
106,1.9314138150818179,0.0,-0.1490971137708879,1.0852316332530023
107,3.8503032738052956,0.0,0.06690497967226246,1.3932026923519079
108,1.606814557107465,0.0,0.09577358110018687,1.0252012702559776
109,1.9314138150818179,0.0,-0.1490971137708879,1.0852316332530023
110,3.8503032738052956,0.0,0.06690497967226246,1.3932026923519079
111,1.606814557107465,0.0,0.09577358110018687,1.0252012702559776
112,1.9314138150818179,0.0,-0.1490971137708879,1.0852316332530023
113,3.8503032738052956,0.0,0.06690497967226246,1.3932026923519079
114,1.606814557107465,0.0,0.09577358110018687,1.0252012702559776
115,1.9314138150818179,0.0,-0.1490971137708879,1.0852316332530023
116,3.8503032738052956,0.0,0.06690497967226246,1.3932026923519079
117,1.606814557107465,0.0,0.09577358110018687,1.0252012702559776
118,1.9314138150818179,0.0,-0.1490971137708879,1.0852316332530023
119,3.8503032738052956,0.0,0.06690497967226246,1.3932026923519079
120,1.606814557107465,0.0,0.09577358110018687,1.0252012702559776
121,1.9314138150818179,0.0,-0.1490971137708879,1.0852316332530023
122,3.8503032738052956,0.0,0.06690497967226246,1.3932026923519079
123,1.606814557107465,0.0,0.09577358110018687,1.0252012702559776
124,1.9314138150818179,0.0,-0.1490971137708879,1.0852316332530023
125,3.8503032738052956,0.0,0.06690497967226246,1.3932026923519079
126,1.606814557107465,0.0,0.09577358110018687,1.0252012702559776
127,1.9314138150818179,0.0,-0.1490971137708879,1.0852316332530023
128,3.8503032738052956,0.0,0.06690497967226246,1.3932026923519079
129,1.606814557107465,0.0,0.09577358110018687,1.0252012702559776
130,1.9314138150818179,0.0,-0.1490971137708879,1.0852316332530023
131,3.8503032738052956,0.0,0.06690497967226246,1.3932026923519079
132,1.606814557107465,0.0,0.09577358110018687,1.0252012702559776
133,1.9314138150818179,0.0,-0.1490971137708879,1.0852316332530023
134,3.8503032738052956,0.0,0.06690497967226246,1.3932026923519079
135,1.606814557107465,0.0,0.09577358110018687,1.0252012702559776
136,1.9314138150818179,0.0,-0.1490971137708879,1.0852316332530023
137,3.8503032738052956,0.0,0.06690497967226246,1.3932026923519079
138,1.606814557107465,0.0,0.09577358110018687,1.0252012702559776
139,1.9314138150818179,0.0,-0.1490971137708879,1.0852316332530023
140,3.8503032738052956,0.0,0.06690497967226246,1.3932026923519079
141,1.606814557107465,0.0,0.09577358110018687,1.0252012702559776
142,1.9314138150818179,0.0,-0.1490971137708879,1.0852316332530023
143,3.8503032738052956,0.0,0.06690497967226246,1.3932026923519079
144,1.606814557107465,0.0,0.09577358110018687,1.0252012702559776
145,1.9314138150818179,0.0,-0.1490971137708879,1.0852316332530023
146,3.8503032738052956,0.0,0.06690497967226246,1.3932026923519079
147,1.606814557107465,0.0,0.09577358110018687,1.0252012702559776
148,1.9314138150818179,0.0,-0.1490971137708879,1.0852316332530023
149,3.8503032738052956,0.0,0.06690497967226246,1.3932026923519079
150,1.606814557107465,0.0,0.09577358110018687,1.0252012702559776
151,1.9314138150818179,0.0,-0.1490971137708879,1.0852316332530023
152,3.8503032738052956,0.0,0.06690497967226246,1.3932026923519079
153,1.606814557107465,0.0,0.09577358110018687,1.0252012702559776
154,1.9314138150818179,0.0,-0.1490971137708879,1.0852316332530023
155,3.8503032738052956,0.0,0.06690497967226246,1.3932026923519079
156,1.606814557107465,0.0,0.09577358110018687,1.0252012702559776
157,1.9314138150818179,0.0,-0.1490971137708879,1.0852316332530023
158,3.8503032738052956,0.0,0.06690497967226246,1.3932026923519079
159,1.606814557107465,0.0,0.09577358110018687,1.0252012702559776
160,1.9314138150818179,0.0,-0.1490971137708879,1.0852316332530023
161,3.8503032738052956,0.0,0.06690497967226246,1.3932026923519079
162,1.606814557107465,0.0,0.09577358110018687,1.0252012702559776
163,1.9314138150818179,0.0,-0.1490971137708879,1.0852316332530023
164,3.8503032738052956,0.0,0.06690497967226246,1.3932026923519079
165,1.606814557107465,0.0,0.09577358110018687,1.0252012702559776
166,1.9314138150818179,0.0,-0.1490971137708879,1.0852316332530023
167,3.8503032738052956,0.0,0.06690497967226246,1.3932026923519079
168,1.606814557107465,0.0,0.09577358110018687,1.0252012702559776
169,1.9314138150818179,0.0,-0.1490971137708879,1.0852316332530023
170,3.8503032738052956,0.0,0.06690497967226246,1.3932026923519079
171,1.606814557107465,0.0,0.09577358110018687,1.0252012702559776
172,1.9314138150818179,0.0,-0.1490971137708879,1.0852316332530023
173,3.8503032738052956,0.0,0.06690497967226246,1.3932026923519079
174,1.606814557107465,0.0,0.09577358110018687,1.0252012702559776
175,1.9314138150818179,0.0,-0.1490971137708879,1.0852316332530023
176,3.8503032738052956,0.0,0.06690497967226246,1.3932026923519079
177,1.606814557107465,0.0,0.09577358110018687,1.0252012702559776
178,1.9314138150818179,0.0,-0.1490971137708879,1.0852316332530023
179,3.8503032738052956,0.0,0.06690497967226246,1.3932026923519079
180,1.606814557107465,0.0,0.09577358110018687,1.0252012702559776
181,1.9314138150818179,0.0,-0.1490971137708879,1.0852316332530023
182,3.8503032738052956,0.0,0.06690497967226246,1.3932026923519079
183,1.606814557107465,0.0,0.09577358110018687,1.0252012702559776
184,1.9314138150818179,0.0,-0.1490971137708879,1.0852316332530023
185,3.8503032738052956,0.0,0.06690497967226246,1.3932026923519079
186,1.606814557107465,0.0,0.09577358110018687,1.0252012702559776
187,1.9314138150818179,0.0,-0.1490971137708879,1.0852316332530023
188,3.8503032738052956,0.0,0.06690497967226246,1.3932026923519079
189,1.606814557107465,0.0,0.09577358110018687,1.0252012702559776
190,1.9314138150818179,0.0,-0.1490971137708879,1.0852316332530023
191,3.8503032738052956,0.0,0.06690497967226246,1.3932026923519079
192,1.606814557107465,0.0,0.09577358110018687,1.0252012702559776
193,1.9314138150818179,0.0,-0.1490971137708879,1.0852316332530023
194,3.8503032738052956,0.0,0.06690497967226246,1.3932026923519079
195,1.606814557107465,0.0,0.09577358110018687,1.0252012702559776
196,1.9314138150818179,0.0,-0.1490971137708879,1.0852316332530023
197,3.8503032738052956,0.0,0.06690497967226246,1.3932026923519079
198,1.606814557107465,0.0,0.09577358110018687,1.0252012702559776
199,1.9314138150818179,0.0,-0.1490971137708879,1.0852316332530023
200,3.8503032738052956,0.0,0.06690497967226246,1.3932026923519079
201,1.606814557107465,0.0,0.09577358110018687,1.0252012702559776
202,1.9314138150818179,0.0,-0.1490971137708879,1.0852316332530023
203,3.8503032738052956,0.0,0.06690497967226246,1.3932026923519079
204,1.606814557107465,0.0,0.09577358110018687,1.0252012702559776
205,1.9314138150818179,0.0,-0.1490971137708879,1.0852316332530023
206,3.8503032738052956,0.0,0.06690497967226246,1.3932026923519079
207,1.606814557107465,0.0,0.09577358110018687,1.0252012702559776
208,1.9314138150818179,0.0,-0.1490971137708879,1.0852316332530023
209,3.8503032738052956,0.0,0.06690497967226246,1.3932026923519079
210,1.606814557107465,0.0,0.09577358110018687,1.0252012702559776
211,1.9314138150818179,0.0,-0.1490971137708879,1.0852316332530023
212,3.8503032738052956,0.0,0.06690497967226246,1.3932026923519079
213,1.606814557107465,0.0,0.09577358110018687,1.0252012702559776
214,1.9314138150818179,0.0,-0.1490971137708879,1.0852316332530023
215,3.8503032738052956,0.0,0.06690497967226246,1.3932026923519079
216,1.606814557107465,0.0,0.09577358110018687,1.0252012702559776
217,1.9314138150818179,0.0,-0.1490971137708879,1.0852316332530023
218,3.8503032738052956,0.0,0.06690497967226246,1.3932026923519079
219,1.606814557107465,0.0,0.09577358110018687,1.0252012702559776
220,1.9314138150818179,0.0,-0.1490971137708879,1.0852316332530023
221,3.8503032738052956,0.0,0.06690497967226246,1.3932026923519079
222,1.606814557107465,0.0,0.09577358110018687,1.0252012702559776
223,1.9314138150818179,0.0,-0.1490971137708879,1.0852316332530023
224,3.8503032738052956,0.0,0.06690497967226246,1.3932026923519079
225,1.606814557107465,0.0,0.09577358110018687,1.0252012702559776
226,1.9314138150818179,0.0,-0.1490971137708879,1.0852316332530023
227,3.8503032738052956,0.0,0.06690497967226246,1.3932026923519079
228,1.606814557107465,0.0,0.09577358110018687,1.0252012702559776
229,1.9314138150818179,0.0,-0.1490971137708879,1.0852316332530023
230,3.8503032738052956,0.0,0.06690497967226246,1.3932026923519079
231,1.606814557107465,0.0,0.09577358110018687,1.0252012702559776
232,1.9314138150818179,0.0,-0.1490971137708879,1.0852316332530023
233,3.8503032738052956,0.0,0.06690497967226246,1.3932026923519079
234,1.606814557107465,0.0,0.09577358110018687,1.0252012702559776
235,1.9314138150818179,0.0,-0.1490971137708879,1.0852316332530023
236,3.8503032738052956,0.0,0.06690497967226246,1.3932026923519079
237,1.606814557107465,0.0,0.09577358110018687,1.0252012702559776
238,1.9314138150818179,0.0,-0.1490971137708879,1.0852316332530023
239,3.8503032738052956,0.0,0.06690497967226246,1.3932026923519079
240,1.606814557107465,0.0,0.09577358110018687,1.0252012702559776
241,1.9314138150818179,0.0,-0.1490971137708879,1.0852316332530023
242,3.8503032738052956,0.0,0.06690497967226246,1.3932026923519079
243,1.606814557107465,0.0,0.09577358110018687,1.0252012702559776
244,1.9314138150818179,0.0,-0.1490971137708879,1.0852316332530023
245,3.8503032738052956,0.0,0.06690497967226246,1.3932026923519079
246,1.606814557107465,0.0,0.09577358110018687,1.0252012702559776
247,1.9314138150818179,0.0,-0.1490971137708879,1.0852316332530023
248,3.8503032738052956,0.0,0.06690497967226246,1.3932026923519079
249,1.606814557107465,0.0,0.09577358110018687,1.0252012702559776
250,1.9314138150818179,0.0,-0.1490971137708879,1.0852316332530023
251,3.8503032738052956,0.0,0.06690497967226246,1.3932026923519079
252,1.606814557107465,0.0,0.09577358110018687,1.0252012702559776
253,1.9314138150818179,0.0,-0.1490971137708879,1.0852316332530023
254,3.8503032738052956,0.0,0.06690497967226246,1.3932026923519079
255,1.606814557107465,0.0,0.09577358110018687,1.0252012702559776
256,1.9314138150818179,0.0,-0.1490971137708879,1.0852316332530023
257,3.8503032738052956,0.0,0.06690497967226246,1.3932026923519079
258,1.606814557107465,0.0,0.09577358110018687,1.0252012702559776
259,1.9314138150818179,0.0,-0.1490971137708879,1.0852316332530023
260,3.8503032738052956,0.0,0.06690497967226246,1.3932026923519079
261,1.606814557107465,0.0,0.09577358110018687,1.0252012702559776
262,1.9314138150818179,0.0,-0.1490971137708879,1.0852316332530023
263,3.8503032738052956,0.0,0.06690497967226246,1.3932026923519079
264,1.606814557107465,0.0,0.09577358110018687,1.0252012702559776
265,1.9314138150818179,0.0,-0.1490971137708879,1.0852316332530023
266,3.8503032738052956,0.0,0.06690497967226246,1.3932026923519079
267,1.606814557107465,0.0,0.09577358110018687,1.0252012702559776
268,1.9314138150818179,0.0,-0.1490971137708879,1.0852316332530023
269,3.8503032738052956,0.0,0.06690497967226246,1.3932026923519079
270,1.606814557107465,0.0,0.09577358110018687,1.0252012702559776
271,1.9314138150818179,0.0,-0.1490971137708879,1.0852316332530023
272,3.8503032738052956,0.0,0.06690497967226246,1.3932026923519079
273,1.606814557107465,0.0,0.09577358110018687,1.0252012702559776
274,1.9314138150818179,0.0,-0.1490971137708879,1.0852316332530023
275,3.8503032738052956,0.0,0.06690497967226246,1.3932026923519079
276,1.606814557107465,0.0,0.09577358110018687,1.0252012702559776
277,1.9314138150818179,0.0,-0.1490971137708879,1.0852316332530023
278,3.8503032738052956,0.0,0.06690497967226246,1.3932026923519079
279,1.606814557107465,0.0,0.09577358110018687,1.0252012702559776
280,1.9314138150818179,0.0,-0.1490971137708879,1.0852316332530023
281,3.8503032738052956,0.0,0.06690497967226246,1.3932026923519079
282,1.606814557107465,0.0,0.09577358110018687,1.0252012702559776
283,1.9314138150818179,0.0,-0.1490971137708879,1.0852316332530023
284,3.8503032738052956,0.0,0.06690497967226246,1.3932026923519079
285,1.606814557107465,0.0,0.09577358110018687,1.0252012702559776
286,1.9314138150818179,0.0,-0.1490971137708879,1.0852316332530023
287,3.8503032738052956,0.0,0.06690497967226246,1.3932026923519079
288,1.606814557107465,0.0,0.09577358110018687,1.0252012702559776
289,1.9314138150818179,0.0,-0.1490971137708879,1.0852316332530023
290,3.8503032738052956,0.0,0.06690497967226246,1.3932026923519079
291,1.606814557107465,0.0,0.09577358110018687,1.0252012702559776
292,1.9314138150818179,0.0,-0.1490971137708879,1.0852316332530023
293,3.8503032738052956,0.0,0.06690497967226246,1.3932026923519079
294,1.606814557107465,0.0,0.09577358110018687,1.0252012702559776
295,1.9314138150818179,0.0,-0.1490971137708879,1.0852316332530023
296,3.8503032738052956,0.0,0.06690497967226246,1.3932026923519079
297,1.606814557107465,0.0,0.09577358110018687,1.0252012702559776
298,1.9314138150818179,0.0,-0.1490971137708879,1.0852316332530023
299,3.8503032738052956,0.0,0.06690497967226246,1.3932026923519079
300,1.606814557107465,0.0,0.09577358110018687,1.0252012702559776
301,1.9314138150818179,0.0,-0.1490971137708879,1.0852316332530023
302,3.8503032738052956,0.0,0.06690497967226246,1.3932026923519079
303,1.606814557107465,0.0,0.09577358110018687,1.0252012702559776
304,1.9314138150818179,0.0,-0.1490971137708879,1.0852316332530023
305,3.8503032738052956,0.0,0.06690497967226246,1.3932026923519079
306,1.606814557107465,0.0,0.09577358110018687,1.0252012702559776
307,1.9314138150818179,0.0,-0.1490971137708879,1.0852316332530023
308,3.8503032738052956,0.0,0.06690497967226246,1.3932026923519079
309,1.606814557107465,0.0,0.09577358110018687,1.0252012702559776
310,1.9314138150818179,0.0,-0.1490971137708879,1.0852316332530023
311,3.8503032738052956,0.0,0.06690497967226246,1.3932026923519079
312,1.606814557107465,0.0,0.09577358110018687,1.0252012702559776
313,1.9314138150818179,0.0,-0.1490971137708879,1.0852316332530023
314,3.8503032738052956,0.0,0.06690497967226246,1.3932026923519079
315,1.606814557107465,0.0,0.09577358110018687,1.0252012702559776
316,1.9314138150818179,0.0,-0.1490971137708879,1.0852316332530023
317,3.8503032738052956,0.0,0.06690497967226246,1.3932026923519079
318,1.606814557107465,0.0,0.09577358110018687,1.0252012702559776
319,1.9314138150818179,0.0,-0.1490971137708879,1.0852316332530023
320,3.8503032738052956,0.0,0.06690497967226246,1.3932026923519079
321,1.606814557107465,0.0,0.09577358110018687,1.0252012702559776
322,1.9314138150818179,0.0,-0.1490971137708879,1.0852316332530023
323,3.8503032738052956,0.0,0.06690497967226246,1.3932026923519079
324,1.606814557107465,0.0,0.09577358110018687,1.0252012702559776
325,1.9314138150818179,0.0,-0.1490971137708879,1.0852316332530023
326,3.8503032738052956,0.0,0.06690497967226246,1.3932026923519079
327,1.606814557107465,0.0,0.09577358110018687,1.0252012702559776
328,1.9314138150818179,0.0,-0.1490971137708879,1.0852316332530023
329,3.8503032738052956,0.0,0.06690497967226246,1.3932026923519079
330,1.606814557107465,0.0,0.09577358110018687,1.0252012702559776
331,1.9314138150818179,0.0,-0.1490971137708879,1.0852316332530023
332,3.8503032738052956,0.0,0.06690497967226246,1.3932026923519079
333,1.606814557107465,0.0,0.09577358110018687,1.0252012702559776
334,1.9314138150818179,0.0,-0.1490971137708879,1.0852316332530023
335,3.8503032738052956,0.0,0.06690497967226246,1.3932026923519079
336,1.606814557107465,0.0,0.09577358110018687,1.0252012702559776
337,1.9314138150818179,0.0,-0.1490971137708879,1.0852316332530023
338,3.8503032738052956,0.0,0.06690497967226246,1.3932026923519079
339,1.606814557107465,0.0,0.09577358110018687,1.0252012702559776
340,1.9314138150818179,0.0,-0.1490971137708879,1.0852316332530023
341,3.8503032738052956,0.0,0.06690497967226246,1.3932026923519079
342,1.606814557107465,0.0,0.09577358110018687,1.0252012702559776
343,1.9314138150818179,0.0,-0.1490971137708879,1.0852316332530023
344,3.8503032738052956,0.0,0.06690497967226246,1.3932026923519079
345,1.606814557107465,0.0,0.09577358110018687,1.0252012702559776
346,1.9314138150818179,0.0,-0.1490971137708879,1.0852316332530023
347,3.8503032738052956,0.0,0.06690497967226246,1.3932026923519079
348,1.606814557107465,0.0,0.09577358110018687,1.0252012702559776
349,1.9314138150818179,0.0,-0.1490971137708879,1.0852316332530023
350,3.8503032738052956,0.0,0.06690497967226246,1.3932026923519079
351,1.606814557107465,0.0,0.09577358110018687,1.0252012702559776
352,1.9314138150818179,0.0,-0.1490971137708879,1.0852316332530023
353,3.8503032738052956,0.0,0.06690497967226246,1.3932026923519079
354,1.606814557107465,0.0,0.09577358110018687,1.0252012702559776
355,1.9314138150818179,0.0,-0.1490971137708879,1.0852316332530023
356,3.8503032738052956,0.0,0.06690497967226246,1.3932026923519079
357,1.606814557107465,0.0,0.09577358110018687,1.0252012702559776
358,1.9314138150818179,0.0,-0.1490971137708879,1.0852316332530023
359,3.8503032738052956,0.0,0.06690497967226246,1.3932026923519079
360,1.606814557107465,0.0,0.09577358110018687,1.0252012702559776
361,1.9314138150818179,0.0,-0.1490971137708879,1.0852316332530023
362,3.8503032738052956,0.0,0.06690497967226246,1.3932026923519079
363,1.606814557107465,0.0,0.09577358110018687,1.0252012702559776
364,1.9314138150818179,0.0,-0.1490971137708879,1.0852316332530023
365,3.8503032738052956,0.0,0.06690497967226246,1.3932026923519079
366,1.606814557107465,0.0,0.09577358110018687,1.0252012702559776
367,1.9314138150818179,0.0,-0.1490971137708879,1.0852316332530023
368,3.8503032738052956,0.0,0.06690497967226246,1.3932026923519079
369,1.606814557107465,0.0,0.09577358110018687,1.0252012702559776
370,1.9314138150818179,0.0,-0.1490971137708879,1.0852316332530023
371,3.8503032738052956,0.0,0.06690497967226246,1.3932026923519079
372,1.606814557107465,0.0,0.09577358110018687,1.0252012702559776
373,1.9314138150818179,0.0,-0.1490971137708879,1.0852316332530023
374,3.8503032738052956,0.0,0.06690497967226246,1.3932026923519079
375,1.606814557107465,0.0,0.09577358110018687,1.0252012702559776
376,1.9314138150818179,0.0,-0.1490971137708879,1.0852316332530023
377,3.8503032738052956,0.0,0.06690497967226246,1.3932026923519079
378,1.606814557107465,0.0,0.09577358110018687,1.0252012702559776
379,1.9314138150818179,0.0,-0.1490971137708879,1.0852316332530023
380,3.8503032738052956,0.0,0.06690497967226246,1.3932026923519079
381,1.606814557107465,0.0,0.09577358110018687,1.0252012702559776
382,1.9314138150818179,0.0,-0.1490971137708879,1.0852316332530023
383,3.8503032738052956,0.0,0.06690497967226246,1.3932026923519079
384,1.606814557107465,0.0,0.09577358110018687,1.0252012702559776
385,1.9314138150818179,0.0,-0.1490971137708879,1.0852316332530023
386,3.8503032738052956,0.0,0.06690497967226246,1.3932026923519079
387,1.606814557107465,0.0,0.09577358110018687,1.0252012702559776
388,1.9314138150818179,0.0,-0.1490971137708879,1.0852316332530023
389,3.8503032738052956,0.0,0.06690497967226246,1.3932026923519079
390,1.606814557107465,0.0,0.09577358110018687,1.0252012702559776
391,1.9314138150818179,0.0,-0.1490971137708879,1.0852316332530023
392,3.8503032738052956,0.0,0.06690497967226246,1.3932026923519079
393,1.606814557107465,0.0,0.09577358110018687,1.0252012702559776
394,1.9314138150818179,0.0,-0.1490971137708879,1.0852316332530023
395,3.8503032738052956,0.0,0.06690497967226246,1.3932026923519079
396,1.606814557107465,0.0,0.09577358110018687,1.0252012702559776
397,1.9314138150818179,0.0,-0.1490971137708879,1.0852316332530023
398,3.8503032738052956,0.0,0.06690497967226246,1.3932026923519079
399,1.606814557107465,0.0,0.09577358110018687,1.0252012702559776
400,1.9314138150818179,0.0,-0.1490971137708879,1.0852316332530023
401,3.8503032738052956,0.0,0.06690497967226246,1.3932026923519079
402,1.606814557107465,0.0,0.09577358110018687,1.0252012702559776
403,1.9314138150818179,0.0,-0.1490971137708879,1.0852316332530023
404,3.8503032738052956,0.0,0.06690497967226246,1.3932026923519079
405,1.606814557107465,0.0,0.09577358110018687,1.0252012702559776
406,1.9314138150818179,0.0,-0.1490971137708879,1.0852316332530023
407,3.8503032738052956,0.0,0.06690497967226246,1.3932026923519079
408,1.606814557107465,0.0,0.09577358110018687,1.0252012702559776
409,1.9314138150818179,0.0,-0.1490971137708879,1.0852316332530023
410,3.8503032738052956,0.0,0.06690497967226246,1.3932026923519079
411,1.606814557107465,0.0,0.09577358110018687,1.0252012702559776
412,1.9314138150818179,0.0,-0.1490971137708879,1.0852316332530023
413,3.8503032738052956,0.0,0.06690497967226246,1.3932026923519079
414,1.606814557107465,0.0,0.09577358110018687,1.0252012702559776
415,1.9314138150818179,0.0,-0.1490971137708879,1.0852316332530023
416,3.8503032738052956,0.0,0.06690497967226246,1.3932026923519079
417,1.606814557107465,0.0,0.09577358110018687,1.0252012702559776
418,1.9314138150818179,0.0,-0.1490971137708879,1.0852316332530023
419,3.8503032738052956,0.0,0.06690497967226246,1.3932026923519079
420,1.606814557107465,0.0,0.09577358110018687,1.0252012702559776
421,1.9314138150818179,0.0,-0.1490971137708879,1.0852316332530023
422,3.8503032738052956,0.0,0.06690497967226246,1.3932026923519079
423,1.606814557107465,0.0,0.09577358110018687,1.0252012702559776
424,1.9314138150818179,0.0,-0.1490971137708879,1.0852316332530023
425,3.8503032738052956,0.0,0.06690497967226246,1.3932026923519079
426,1.606814557107465,0.0,0.09577358110018687,1.0252012702559776
427,1.9314138150818179,0.0,-0.1490971137708879,1.0852316332530023
428,3.8503032738052956,0.0,0.06690497967226246,1.3932026923519079
429,1.606814557107465,0.0,0.09577358110018687,1.0252012702559776
430,1.9314138150818179,0.0,-0.1490971137708879,1.0852316332530023
431,3.8503032738052956,0.0,0.06690497967226246,1.3932026923519079
432,1.606814557107465,0.0,0.09577358110018687,1.0252012702559776
433,1.9314138150818179,0.0,-0.1490971137708879,1.0852316332530023
434,3.8503032738052956,0.0,0.06690497967226246,1.3932026923519079
435,1.606814557107465,0.0,0.09577358110018687,1.0252012702559776
436,1.9314138150818179,0.0,-0.1490971137708879,1.0852316332530023
437,3.8503032738052956,0.0,0.06690497967226246,1.3932026923519079
438,1.606814557107465,0.0,0.09577358110018687,1.0252012702559776
439,1.9314138150818179,0.0,-0.1490971137708879,1.0852316332530023
440,3.8503032738052956,0.0,0.06690497967226246,1.3932026923519079
441,1.606814557107465,0.0,0.09577358110018687,1.0252012702559776
442,1.9314138150818179,0.0,-0.1490971137708879,1.0852316332530023
443,3.8503032738052956,0.0,0.06690497967226246,1.3932026923519079
444,1.606814557107465,0.0,0.09577358110018687,1.0252012702559776
445,1.9314138150818179,0.0,-0.1490971137708879,1.0852316332530023
446,3.8503032738052956,0.0,0.06690497967226246,1.3932026923519079
447,1.606814557107465,0.0,0.09577358110018687,1.0252012702559776
448,1.9314138150818179,0.0,-0.1490971137708879,1.0852316332530023
449,3.8503032738052956,0.0,0.06690497967226246,1.3932026923519079
450,1.606814557107465,0.0,0.09577358110018687,1.0252012702559776
451,1.9314138150818179,0.0,-0.1490971137708879,1.0852316332530023
452,3.8503032738052956,0.0,0.06690497967226246,1.3932026923519079
453,1.606814557107465,0.0,0.09577358110018687,1.0252012702559776
454,1.9314138150818179,0.0,-0.1490971137708879,1.0852316332530023
455,3.8503032738052956,0.0,0.06690497967226246,1.3932026923519079
456,1.606814557107465,0.0,0.09577358110018687,1.0252012702559776
457,1.9314138150818179,0.0,-0.1490971137708879,1.0852316332530023
458,3.8503032738052956,0.0,0.06690497967226246,1.3932026923519079
459,1.606814557107465,0.0,0.09577358110018687,1.0252012702559776
460,1.9314138150818179,0.0,-0.1490971137708879,1.0852316332530023
461,3.8503032738052956,0.0,0.06690497967226246,1.3932026923519079
462,1.606814557107465,0.0,0.09577358110018687,1.0252012702559776
463,1.9314138150818179,0.0,-0.1490971137708879,1.0852316332530023
464,3.8503032738052956,0.0,0.06690497967226246,1.3932026923519079
465,1.606814557107465,0.0,0.09577358110018687,1.0252012702559776
466,1.9314138150818179,0.0,-0.1490971137708879,1.0852316332530023
467,3.8503032738052956,0.0,0.06690497967226246,1.3932026923519079
468,1.606814557107465,0.0,0.09577358110018687,1.0252012702559776
469,1.9314138150818179,0.0,-0.1490971137708879,1.0852316332530023
470,3.8503032738052956,0.0,0.06690497967226246,1.3932026923519079
471,1.606814557107465,0.0,0.09577358110018687,1.0252012702559776
472,1.9314138150818179,0.0,-0.1490971137708879,1.0852316332530023
473,3.8503032738052956,0.0,0.06690497967226246,1.3932026923519079
474,1.606814557107465,0.0,0.09577358110018687,1.0252012702559776
475,1.9314138150818179,0.0,-0.1490971137708879,1.0852316332530023
476,3.8503032738052956,0.0,0.06690497967226246,1.3932026923519079
477,1.606814557107465,0.0,0.09577358110018687,1.0252012702559776
478,1.9314138150818179,0.0,-0.1490971137708879,1.0852316332530023
479,3.8503032738052956,0.0,0.06690497967226246,1.3932026923519079
480,1.606814557107465,0.0,0.09577358110018687,1.0252012702559776
481,1.9314138150818179,0.0,-0.1490971137708879,1.0852316332530023
482,3.8503032738052956,0.0,0.06690497967226246,1.3932026923519079
483,1.606814557107465,0.0,0.09577358110018687,1.0252012702559776
484,1.9314138150818179,0.0,-0.1490971137708879,1.0852316332530023
485,3.8503032738052956,0.0,0.06690497967226246,1.3932026923519079
486,1.606814557107465,0.0,0.09577358110018687,1.0252012702559776
487,1.9314138150818179,0.0,-0.1490971137708879,1.0852316332530023
488,3.8503032738052956,0.0,0.06690497967226246,1.3932026923519079
489,1.606814557107465,0.0,0.09577358110018687,1.0252012702559776
490,1.9314138150818179,0.0,-0.1490971137708879,1.0852316332530023
491,3.8503032738052956,0.0,0.06690497967226246,1.3932026923519079
492,1.606814557107465,0.0,0.09577358110018687,1.0252012702559776
493,1.9314138150818179,0.0,-0.1490971137708879,1.0852316332530023
494,3.8503032738052956,0.0,0.06690497967226246,1.3932026923519079
495,1.606814557107465,0.0,0.09577358110018687,1.0252012702559776
496,1.9314138150818179,0.0,-0.1490971137708879,1.0852316332530023
497,3.8503032738052956,0.0,0.06690497967226246,1.3932026923519079
498,1.606814557107465,0.0,0.09577358110018687,1.0252012702559776
499,1.9314138150818179,0.0,-0.1490971137708879,1.0852316332530023
500,3.8503032738052956,0.0,0.06690497967226246,1.3932026923519079
501,1.606814557107465,0.0,0.09577358110018687,1.0252012702559776
502,1.9314138150818179,0.0,-0.1490971137708879,1.0852316332530023
503,3.8503032738052956,0.0,0.06690497967226246,1.3932026923519079
504,1.606814557107465,0.0,0.09577358110018687,1.0252012702559776
505,1.9314138150818179,0.0,-0.1490971137708879,1.0852316332530023
506,3.8503032738052956,0.0,0.06690497967226246,1.3932026923519079
507,1.606814557107465,0.0,0.09577358110018687,1.0252012702559776
508,1.9314138150818179,0.0,-0.1490971137708879,1.0852316332530023
509,3.8503032738052956,0.0,0.06690497967226246,1.3932026923519079
510,1.606814557107465,0.0,0.09577358110018687,1.0252012702559776
511,1.9314138150818179,0.0,-0.1490971137708879,1.0852316332530023
512,3.8503032738052956,0.0,0.06690497967226246,1.3932026923519079
513,1.606814557107465,0.0,0.09577358110018687,1.0252012702559776
514,1.9314138150818179,0.0,-0.1490971137708879,1.0852316332530023
515,3.8503032738052956,0.0,0.06690497967226246,1.3932026923519079
516,1.606814557107465,0.0,0.09577358110018687,1.0252012702559776
517,1.9314138150818179,0.0,-0.1490971137708879,1.0852316332530023
518,3.8503032738052956,0.0,0.06690497967226246,1.3932026923519079
519,1.606814557107465,0.0,0.09577358110018687,1.0252012702559776
520,1.9314138150818179,0.0,-0.1490971137708879,1.0852316332530023
521,3.8503032738052956,0.0,0.06690497967226246,1.3932026923519079
522,1.606814557107465,0.0,0.09577358110018687,1.0252012702559776
523,1.9314138150818179,0.0,-0.1490971137708879,1.0852316332530023
524,3.8503032738052956,0.0,0.06690497967226246,1.3932026923519079
525,1.606814557107465,0.0,0.09577358110018687,1.0252012702559776
526,1.9314138150818179,0.0,-0.1490971137708879,1.0852316332530023
527,3.8503032738052956,0.0,0.06690497967226246,1.3932026923519079
528,1.606814557107465,0.0,0.09577358110018687,1.0252012702559776
529,1.9314138150818179,0.0,-0.1490971137708879,1.0852316332530023
530,3.8503032738052956,0.0,0.06690497967226246,1.3932026923519079
531,1.606814557107465,0.0,0.09577358110018687,1.0252012702559776
532,1.9314138150818179,0.0,-0.1490971137708879,1.0852316332530023
533,3.8503032738052956,0.0,0.06690497967226246,1.3932026923519079
534,1.606814557107465,0.0,0.09577358110018687,1.0252012702559776
535,1.9314138150818179,0.0,-0.1490971137708879,1.0852316332530023
536,3.8503032738052956,0.0,0.06690497967226246,1.3932026923519079
537,1.606814557107465,0.0,0.09577358110018687,1.0252012702559776
538,1.9314138150818179,0.0,-0.1490971137708879,1.0852316332530023
539,3.8503032738052956,0.0,0.06690497967226246,1.3932026923519079
540,1.606814557107465,0.0,0.09577358110018687,1.0252012702559776
541,1.9314138150818179,0.0,-0.1490971137708879,1.0852316332530023
542,3.8503032738052956,0.0,0.06690497967226246,1.3932026923519079
543,1.606814557107465,0.0,0.09577358110018687,1.0252012702559776
544,1.9314138150818179,0.0,-0.1490971137708879,1.0852316332530023
545,3.8503032738052956,0.0,0.06690497967226246,1.3932026923519079
546,1.606814557107465,0.0,0.09577358110018687,1.0252012702559776
547,1.9314138150818179,0.0,-0.1490971137708879,1.0852316332530023
548,3.8503032738052956,0.0,0.06690497967226246,1.3932026923519079
549,1.606814557107465,0.0,0.09577358110018687,1.0252012702559776
550,1.9314138150818179,0.0,-0.1490971137708879,1.0852316332530023
551,3.8503032738052956,0.0,0.06690497967226246,1.3932026923519079
552,1.606814557107465,0.0,0.09577358110018687,1.0252012702559776
553,1.9314138150818179,0.0,-0.1490971137708879,1.0852316332530023
554,3.8503032738052956,0.0,0.06690497967226246,1.3932026923519079
555,1.606814557107465,0.0,0.09577358110018687,1.0252012702559776
556,1.9314138150818179,0.0,-0.1490971137708879,1.0852316332530023
557,3.8503032738052956,0.0,0.06690497967226246,1.3932026923519079
558,1.606814557107465,0.0,0.09577358110018687,1.0252012702559776
559,1.9314138150818179,0.0,-0.1490971137708879,1.0852316332530023
560,3.8503032738052956,0.0,0.06690497967226246,1.3932026923519079
561,1.606814557107465,0.0,0.09577358110018687,1.0252012702559776
562,1.9314138150818179,0.0,-0.1490971137708879,1.0852316332530023
563,3.8503032738052956,0.0,0.06690497967226246,1.3932026923519079
564,1.606814557107465,0.0,0.09577358110018687,1.0252012702559776
565,1.9314138150818179,0.0,-0.1490971137708879,1.0852316332530023
566,3.8503032738052956,0.0,0.06690497967226246,1.3932026923519079
567,1.606814557107465,0.0,0.09577358110018687,1.0252012702559776
568,1.9314138150818179,0.0,-0.1490971137708879,1.0852316332530023
569,3.8503032738052956,0.0,0.06690497967226246,1.3932026923519079
570,1.606814557107465,0.0,0.09577358110018687,1.0252012702559776
571,1.9314138150818179,0.0,-0.1490971137708879,1.0852316332530023
572,3.8503032738052956,0.0,0.06690497967226246,1.3932026923519079
573,1.606814557107465,0.0,0.09577358110018687,1.0252012702559776
574,1.9314138150818179,0.0,-0.1490971137708879,1.0852316332530023
575,3.8503032738052956,0.0,0.06690497967226246,1.3932026923519079
576,1.606814557107465,0.0,0.09577358110018687,1.0252012702559776
577,1.9314138150818179,0.0,-0.1490971137708879,1.0852316332530023
578,3.8503032738052956,0.0,0.06690497967226246,1.3932026923519079
579,1.606814557107465,0.0,0.09577358110018687,1.0252012702559776
580,1.9314138150818179,0.0,-0.1490971137708879,1.0852316332530023
581,3.8503032738052956,0.0,0.06690497967226246,1.3932026923519079
582,1.606814557107465,0.0,0.09577358110018687,1.0252012702559776
583,1.9314138150818179,0.0,-0.1490971137708879,1.0852316332530023
584,3.8503032738052956,0.0,0.06690497967226246,1.3932026923519079
585,1.606814557107465,0.0,0.09577358110018687,1.0252012702559776
586,1.9314138150818179,0.0,-0.1490971137708879,1.0852316332530023
587,3.8503032738052956,0.0,0.06690497967226246,1.3932026923519079
588,1.606814557107465,0.0,0.09577358110018687,1.0252012702559776
589,1.9314138150818179,0.0,-0.1490971137708879,1.0852316332530023
590,3.8503032738052956,0.0,0.06690497967226246,1.3932026923519079
591,1.606814557107465,0.0,0.09577358110018687,1.0252012702559776
592,1.9314138150818179,0.0,-0.1490971137708879,1.0852316332530023
593,3.8503032738052956,0.0,0.06690497967226246,1.3932026923519079
594,1.606814557107465,0.0,0.09577358110018687,1.0252012702559776
595,1.9314138150818179,0.0,-0.1490971137708879,1.0852316332530023
596,3.8503032738052956,0.0,0.06690497967226246,1.3932026923519079
597,1.606814557107465,0.0,0.09577358110018687,1.0252012702559776
598,1.9314138150818179,0.0,-0.1490971137708879,1.0852316332530023
599,3.8503032738052956,0.0,0.06690497967226246,1.3932026923519079
600,1.606814557107465,0.0,0.09577358110018687,1.0252012702559776
601,1.9314138150818179,0.0,-0.1490971137708879,1.0852316332530023
602,3.8503032738052956,0.0,0.06690497967226246,1.3932026923519079
603,1.606814557107465,0.0,0.09577358110018687,1.0252012702559776
604,1.9314138150818179,0.0,-0.1490971137708879,1.0852316332530023
605,3.8503032738052956,0.0,0.06690497967226246,1.3932026923519079
606,1.606814557107465,0.0,0.09577358110018687,1.0252012702559776
607,1.9314138150818179,0.0,-0.1490971137708879,1.0852316332530023
608,3.8503032738052956,0.0,0.06690497967226246,1.3932026923519079
609,1.606814557107465,0.0,0.09577358110018687,1.0252012702559776
610,1.9314138150818179,0.0,-0.1490971137708879,1.0852316332530023
611,3.8503032738052956,0.0,0.06690497967226246,1.3932026923519079
612,1.606814557107465,0.0,0.09577358110018687,1.0252012702559776
613,1.9314138150818179,0.0,-0.1490971137708879,1.0852316332530023
614,3.8503032738052956,0.0,0.06690497967226246,1.3932026923519079
615,1.606814557107465,0.0,0.09577358110018687,1.0252012702559776
616,1.9314138150818179,0.0,-0.1490971137708879,1.0852316332530023
617,3.8503032738052956,0.0,0.06690497967226246,1.3932026923519079
618,1.606814557107465,0.0,0.09577358110018687,1.0252012702559776
619,1.9314138150818179,0.0,-0.1490971137708879,1.0852316332530023
620,3.8503032738052956,0.0,0.06690497967226246,1.3932026923519079
621,1.606814557107465,0.0,0.09577358110018687,1.0252012702559776
622,1.9314138150818179,0.0,-0.1490971137708879,1.0852316332530023
623,3.8503032738052956,0.0,0.06690497967226246,1.3932026923519079
624,1.606814557107465,0.0,0.09577358110018687,1.0252012702559776
625,1.9314138150818179,0.0,-0.1490971137708879,1.0852316332530023
626,3.8503032738052956,0.0,0.06690497967226246,1.3932026923519079
627,1.606814557107465,0.0,0.09577358110018687,1.0252012702559776
628,1.9314138150818179,0.0,-0.1490971137708879,1.0852316332530023
629,3.8503032738052956,0.0,0.06690497967226246,1.3932026923519079
630,1.606814557107465,0.0,0.09577358110018687,1.0252012702559776
631,1.9314138150818179,0.0,-0.1490971137708879,1.0852316332530023
632,3.8503032738052956,0.0,0.06690497967226246,1.3932026923519079
633,1.606814557107465,0.0,0.09577358110018687,1.0252012702559776
634,1.9314138150818179,0.0,-0.1490971137708879,1.0852316332530023
635,3.8503032738052956,0.0,0.06690497967226246,1.3932026923519079
636,1.606814557107465,0.0,0.09577358110018687,1.0252012702559776
637,1.9314138150818179,0.0,-0.1490971137708879,1.0852316332530023
638,3.8503032738052956,0.0,0.06690497967226246,1.3932026923519079
639,1.606814557107465,0.0,0.09577358110018687,1.0252012702559776
640,1.9314138150818179,0.0,-0.1490971137708879,1.0852316332530023
641,3.8503032738052956,0.0,0.06690497967226246,1.3932026923519079
642,1.606814557107465,0.0,0.09577358110018687,1.0252012702559776
643,1.9314138150818179,0.0,-0.1490971137708879,1.0852316332530023
644,3.8503032738052956,0.0,0.06690497967226246,1.3932026923519079
645,1.606814557107465,0.0,0.09577358110018687,1.0252012702559776
646,1.9314138150818179,0.0,-0.1490971137708879,1.0852316332530023
647,3.8503032738052956,0.0,0.06690497967226246,1.3932026923519079
648,1.606814557107465,0.0,0.09577358110018687,1.0252012702559776
649,1.9314138150818179,0.0,-0.1490971137708879,1.0852316332530023
650,3.8503032738052956,0.0,0.06690497967226246,1.3932026923519079
651,1.606814557107465,0.0,0.09577358110018687,1.0252012702559776
652,1.9314138150818179,0.0,-0.1490971137708879,1.0852316332530023
653,3.8503032738052956,0.0,0.06690497967226246,1.3932026923519079
654,1.606814557107465,0.0,0.09577358110018687,1.0252012702559776
655,1.9314138150818179,0.0,-0.1490971137708879,1.0852316332530023
656,3.8503032738052956,0.0,0.06690497967226246,1.3932026923519079
657,1.606814557107465,0.0,0.09577358110018687,1.0252012702559776
658,1.9314138150818179,0.0,-0.1490971137708879,1.0852316332530023
659,3.8503032738052956,0.0,0.06690497967226246,1.3932026923519079
660,1.606814557107465,0.0,0.09577358110018687,1.0252012702559776
661,1.9314138150818179,0.0,-0.1490971137708879,1.0852316332530023
662,3.8503032738052956,0.0,0.06690497967226246,1.3932026923519079
663,1.606814557107465,0.0,0.09577358110018687,1.0252012702559776
664,1.9314138150818179,0.0,-0.1490971137708879,1.0852316332530023
665,3.8503032738052956,0.0,0.06690497967226246,1.3932026923519079
666,1.606814557107465,0.0,0.09577358110018687,1.0252012702559776
667,1.9314138150818179,0.0,-0.1490971137708879,1.0852316332530023
668,3.8503032738052956,0.0,0.06690497967226246,1.3932026923519079
669,1.606814557107465,0.0,0.09577358110018687,1.0252012702559776
670,1.9314138150818179,0.0,-0.1490971137708879,1.0852316332530023
671,3.8503032738052956,0.0,0.06690497967226246,1.3932026923519079
672,1.606814557107465,0.0,0.09577358110018687,1.0252012702559776
673,1.9314138150818179,0.0,-0.1490971137708879,1.0852316332530023
674,3.8503032738052956,0.0,0.06690497967226246,1.3932026923519079
675,1.606814557107465,0.0,0.09577358110018687,1.0252012702559776
676,1.9314138150818179,0.0,-0.1490971137708879,1.0852316332530023
677,3.8503032738052956,0.0,0.06690497967226246,1.3932026923519079
678,1.606814557107465,0.0,0.09577358110018687,1.0252012702559776
679,1.9314138150818179,0.0,-0.1490971137708879,1.0852316332530023
680,3.8503032738052956,0.0,0.06690497967226246,1.3932026923519079
681,1.606814557107465,0.0,0.09577358110018687,1.0252012702559776
682,1.9314138150818179,0.0,-0.1490971137708879,1.0852316332530023
683,3.8503032738052956,0.0,0.06690497967226246,1.3932026923519079
684,1.606814557107465,0.0,0.09577358110018687,1.0252012702559776
685,1.9314138150818179,0.0,-0.1490971137708879,1.0852316332530023
686,3.8503032738052956,0.0,0.06690497967226246,1.3932026923519079
687,1.606814557107465,0.0,0.09577358110018687,1.0252012702559776
688,1.9314138150818179,0.0,-0.1490971137708879,1.0852316332530023
689,3.8503032738052956,0.0,0.06690497967226246,1.3932026923519079
690,1.606814557107465,0.0,0.09577358110018687,1.0252012702559776
691,1.9314138150818179,0.0,-0.1490971137708879,1.0852316332530023
692,3.8503032738052956,0.0,0.06690497967226246,1.3932026923519079
693,1.606814557107465,0.0,0.09577358110018687,1.0252012702559776
694,1.9314138150818179,0.0,-0.1490971137708879,1.0852316332530023
695,3.8503032738052956,0.0,0.06690497967226246,1.3932026923519079
696,1.606814557107465,0.0,0.09577358110018687,1.0252012702559776
697,1.9314138150818179,0.0,-0.1490971137708879,1.0852316332530023
698,3.8503032738052956,0.0,0.06690497967226246,1.3932026923519079
699,1.606814557107465,0.0,0.09577358110018687,1.0252012702559776
700,1.9314138150818179,0.0,-0.1490971137708879,1.0852316332530023
701,3.8503032738052956,0.0,0.06690497967226246,1.3932026923519079
702,1.606814557107465,0.0,0.09577358110018687,1.0252012702559776
703,1.9314138150818179,0.0,-0.1490971137708879,1.0852316332530023
704,3.8503032738052956,0.0,0.06690497967226246,1.3932026923519079
705,1.606814557107465,0.0,0.09577358110018687,1.0252012702559776
706,1.9314138150818179,0.0,-0.1490971137708879,1.0852316332530023
707,3.8503032738052956,0.0,0.06690497967226246,1.3932026923519079
708,1.606814557107465,0.0,0.09577358110018687,1.0252012702559776
709,1.9314138150818179,0.0,-0.1490971137708879,1.0852316332530023
710,3.8503032738052956,0.0,0.06690497967226246,1.3932026923519079
711,1.606814557107465,0.0,0.09577358110018687,1.0252012702559776
712,1.9314138150818179,0.0,-0.1490971137708879,1.0852316332530023
713,3.8503032738052956,0.0,0.06690497967226246,1.3932026923519079
714,1.606814557107465,0.0,0.09577358110018687,1.0252012702559776
715,1.9314138150818179,0.0,-0.1490971137708879,1.0852316332530023
716,3.8503032738052956,0.0,0.06690497967226246,1.3932026923519079
717,1.606814557107465,0.0,0.09577358110018687,1.0252012702559776
718,1.9314138150818179,0.0,-0.1490971137708879,1.0852316332530023
719,3.8503032738052956,0.0,0.06690497967226246,1.3932026923519079
720,1.606814557107465,0.0,0.09577358110018687,1.0252012702559776
721,1.9314138150818179,0.0,-0.1490971137708879,1.0852316332530023
722,3.8503032738052956,0.0,0.06690497967226246,1.3932026923519079
723,1.606814557107465,0.0,0.09577358110018687,1.0252012702559776
724,1.9314138150818179,0.0,-0.1490971137708879,1.0852316332530023
725,3.8503032738052956,0.0,0.06690497967226246,1.3932026923519079
726,1.606814557107465,0.0,0.09577358110018687,1.0252012702559776
727,1.9314138150818179,0.0,-0.1490971137708879,1.0852316332530023
728,3.8503032738052956,0.0,0.06690497967226246,1.3932026923519079
729,1.606814557107465,0.0,0.09577358110018687,1.0252012702559776
730,1.9314138150818179,0.0,-0.1490971137708879,1.0852316332530023
731,3.8503032738052956,0.0,0.06690497967226246,1.3932026923519079
732,1.606814557107465,0.0,0.09577358110018687,1.0252012702559776
733,1.9314138150818179,0.0,-0.1490971137708879,1.0852316332530023
734,3.8503032738052956,0.0,0.06690497967226246,1.3932026923519079
735,1.606814557107465,0.0,0.09577358110018687,1.0252012702559776
736,1.9314138150818179,0.0,-0.1490971137708879,1.0852316332530023
737,3.8503032738052956,0.0,0.06690497967226246,1.3932026923519079
738,1.606814557107465,0.0,0.09577358110018687,1.0252012702559776
739,1.9314138150818179,0.0,-0.1490971137708879,1.0852316332530023
740,3.8503032738052956,0.0,0.06690497967226246,1.3932026923519079
741,1.606814557107465,0.0,0.09577358110018687,1.0252012702559776
742,1.9314138150818179,0.0,-0.1490971137708879,1.0852316332530023
743,3.8503032738052956,0.0,0.06690497967226246,1.3932026923519079
744,1.606814557107465,0.0,0.09577358110018687,1.0252012702559776
745,1.9314138150818179,0.0,-0.1490971137708879,1.0852316332530023
746,3.8503032738052956,0.0,0.06690497967226246,1.3932026923519079
747,1.606814557107465,0.0,0.09577358110018687,1.0252012702559776
748,1.9314138150818179,0.0,-0.1490971137708879,1.0852316332530023
749,3.8503032738052956,0.0,0.06690497967226246,1.3932026923519079
750,1.606814557107465,0.0,0.09577358110018687,1.0252012702559776
751,1.9314138150818179,0.0,-0.1490971137708879,1.0852316332530023
752,3.8503032738052956,0.0,0.06690497967226246,1.3932026923519079
753,1.606814557107465,0.0,0.09577358110018687,1.0252012702559776
754,1.9314138150818179,0.0,-0.1490971137708879,1.0852316332530023
755,3.8503032738052956,0.0,0.06690497967226246,1.3932026923519079
756,1.606814557107465,0.0,0.09577358110018687,1.0252012702559776
757,1.9314138150818179,0.0,-0.1490971137708879,1.0852316332530023
758,3.8503032738052956,0.0,0.06690497967226246,1.3932026923519079
759,1.606814557107465,0.0,0.09577358110018687,1.0252012702559776
760,1.9314138150818179,0.0,-0.1490971137708879,1.0852316332530023
761,3.8503032738052956,0.0,0.06690497967226246,1.3932026923519079
762,1.606814557107465,0.0,0.09577358110018687,1.0252012702559776
763,1.9314138150818179,0.0,-0.1490971137708879,1.0852316332530023
764,3.8503032738052956,0.0,0.06690497967226246,1.3932026923519079
765,1.606814557107465,0.0,0.09577358110018687,1.0252012702559776
766,1.9314138150818179,0.0,-0.1490971137708879,1.0852316332530023
767,3.8503032738052956,0.0,0.06690497967226246,1.3932026923519079
768,1.606814557107465,0.0,0.09577358110018687,1.0252012702559776
769,1.9314138150818179,0.0,-0.1490971137708879,1.0852316332530023
770,3.8503032738052956,0.0,0.06690497967226246,1.3932026923519079
771,1.606814557107465,0.0,0.09577358110018687,1.0252012702559776
772,1.9314138150818179,0.0,-0.1490971137708879,1.0852316332530023
773,3.8503032738052956,0.0,0.06690497967226246,1.3932026923519079
774,1.606814557107465,0.0,0.09577358110018687,1.0252012702559776
775,1.9314138150818179,0.0,-0.1490971137708879,1.0852316332530023
776,3.8503032738052956,0.0,0.06690497967226246,1.3932026923519079
777,1.606814557107465,0.0,0.09577358110018687,1.0252012702559776
778,1.9314138150818179,0.0,-0.1490971137708879,1.0852316332530023
779,3.8503032738052956,0.0,0.06690497967226246,1.3932026923519079
780,1.606814557107465,0.0,0.09577358110018687,1.0252012702559776
781,1.9314138150818179,0.0,-0.1490971137708879,1.0852316332530023
782,3.8503032738052956,0.0,0.06690497967226246,1.3932026923519079
783,1.606814557107465,0.0,0.09577358110018687,1.0252012702559776
784,1.9314138150818179,0.0,-0.1490971137708879,1.0852316332530023
785,3.8503032738052956,0.0,0.06690497967226246,1.3932026923519079
786,1.606814557107465,0.0,0.09577358110018687,1.0252012702559776
787,1.9314138150818179,0.0,-0.1490971137708879,1.0852316332530023
788,3.8503032738052956,0.0,0.06690497967226246,1.3932026923519079
789,1.606814557107465,0.0,0.09577358110018687,1.0252012702559776
790,1.9314138150818179,0.0,-0.1490971137708879,1.0852316332530023
791,3.8503032738052956,0.0,0.06690497967226246,1.3932026923519079
792,1.606814557107465,0.0,0.09577358110018687,1.0252012702559776
793,1.9314138150818179,0.0,-0.1490971137708879,1.0852316332530023
794,3.8503032738052956,0.0,0.06690497967226246,1.3932026923519079
795,1.606814557107465,0.0,0.09577358110018687,1.0252012702559776
796,1.9314138150818179,0.0,-0.1490971137708879,1.0852316332530023
797,3.8503032738052956,0.0,0.06690497967226246,1.3932026923519079
798,1.606814557107465,0.0,0.09577358110018687,1.0252012702559776
799,1.9314138150818179,0.0,-0.1490971137708879,1.0852316332530023
800,3.8503032738052956,0.0,0.06690497967226246,1.3932026923519079
801,1.606814557107465,0.0,0.09577358110018687,1.0252012702559776
802,1.9314138150818179,0.0,-0.1490971137708879,1.0852316332530023
803,3.8503032738052956,0.0,0.06690497967226246,1.3932026923519079
804,1.606814557107465,0.0,0.09577358110018687,1.0252012702559776
805,1.9314138150818179,0.0,-0.1490971137708879,1.0852316332530023
806,3.8503032738052956,0.0,0.06690497967226246,1.3932026923519079
807,1.606814557107465,0.0,0.09577358110018687,1.0252012702559776
808,1.9314138150818179,0.0,-0.1490971137708879,1.0852316332530023
809,3.8503032738052956,0.0,0.06690497967226246,1.3932026923519079
810,1.606814557107465,0.0,0.09577358110018687,1.0252012702559776
811,1.9314138150818179,0.0,-0.1490971137708879,1.0852316332530023
812,3.8503032738052956,0.0,0.06690497967226246,1.3932026923519079
813,1.606814557107465,0.0,0.09577358110018687,1.0252012702559776
814,1.9314138150818179,0.0,-0.1490971137708879,1.0852316332530023
815,3.8503032738052956,0.0,0.06690497967226246,1.3932026923519079
816,1.606814557107465,0.0,0.09577358110018687,1.0252012702559776
817,1.9314138150818179,0.0,-0.1490971137708879,1.0852316332530023
818,3.8503032738052956,0.0,0.06690497967226246,1.3932026923519079
819,1.606814557107465,0.0,0.09577358110018687,1.0252012702559776
820,1.9314138150818179,0.0,-0.1490971137708879,1.0852316332530023
821,3.8503032738052956,0.0,0.06690497967226246,1.3932026923519079
822,1.606814557107465,0.0,0.09577358110018687,1.0252012702559776
823,1.9314138150818179,0.0,-0.1490971137708879,1.0852316332530023
824,3.8503032738052956,0.0,0.06690497967226246,1.3932026923519079
825,1.606814557107465,0.0,0.09577358110018687,1.0252012702559776
826,1.9314138150818179,0.0,-0.1490971137708879,1.0852316332530023
827,3.8503032738052956,0.0,0.06690497967226246,1.3932026923519079
828,1.606814557107465,0.0,0.09577358110018687,1.0252012702559776
829,1.9314138150818179,0.0,-0.1490971137708879,1.0852316332530023
830,3.8503032738052956,0.0,0.06690497967226246,1.3932026923519079
831,1.606814557107465,0.0,0.09577358110018687,1.0252012702559776
832,1.9314138150818179,0.0,-0.1490971137708879,1.0852316332530023
833,3.8503032738052956,0.0,0.06690497967226246,1.3932026923519079
834,1.606814557107465,0.0,0.09577358110018687,1.0252012702559776
835,1.9314138150818179,0.0,-0.1490971137708879,1.0852316332530023
836,3.8503032738052956,0.0,0.06690497967226246,1.3932026923519079
837,1.606814557107465,0.0,0.09577358110018687,1.0252012702559776
838,1.9314138150818179,0.0,-0.1490971137708879,1.0852316332530023
839,3.8503032738052956,0.0,0.06690497967226246,1.3932026923519079
840,1.606814557107465,0.0,0.09577358110018687,1.0252012702559776
841,1.9314138150818179,0.0,-0.1490971137708879,1.0852316332530023
842,3.8503032738052956,0.0,0.06690497967226246,1.3932026923519079
843,1.606814557107465,0.0,0.09577358110018687,1.0252012702559776
844,1.9314138150818179,0.0,-0.1490971137708879,1.0852316332530023
845,3.8503032738052956,0.0,0.06690497967226246,1.3932026923519079
846,1.606814557107465,0.0,0.09577358110018687,1.0252012702559776
847,1.9314138150818179,0.0,-0.1490971137708879,1.0852316332530023
848,3.8503032738052956,0.0,0.06690497967226246,1.3932026923519079
849,1.606814557107465,0.0,0.09577358110018687,1.0252012702559776
850,1.9314138150818179,0.0,-0.1490971137708879,1.0852316332530023
851,3.8503032738052956,0.0,0.06690497967226246,1.3932026923519079
852,1.606814557107465,0.0,0.09577358110018687,1.0252012702559776
853,1.9314138150818179,0.0,-0.1490971137708879,1.0852316332530023
854,3.8503032738052956,0.0,0.06690497967226246,1.3932026923519079
855,1.606814557107465,0.0,0.09577358110018687,1.0252012702559776
856,1.9314138150818179,0.0,-0.1490971137708879,1.0852316332530023
857,3.8503032738052956,0.0,0.06690497967226246,1.3932026923519079
858,1.606814557107465,0.0,0.09577358110018687,1.0252012702559776
859,1.9314138150818179,0.0,-0.1490971137708879,1.0852316332530023
860,3.8503032738052956,0.0,0.06690497967226246,1.3932026923519079
861,1.606814557107465,0.0,0.09577358110018687,1.0252012702559776
862,1.9314138150818179,0.0,-0.1490971137708879,1.0852316332530023
863,3.8503032738052956,0.0,0.06690497967226246,1.3932026923519079
864,1.606814557107465,0.0,0.09577358110018687,1.0252012702559776
865,1.9314138150818179,0.0,-0.1490971137708879,1.0852316332530023
866,3.8503032738052956,0.0,0.06690497967226246,1.3932026923519079
867,1.606814557107465,0.0,0.09577358110018687,1.0252012702559776
868,1.9314138150818179,0.0,-0.1490971137708879,1.0852316332530023
869,3.8503032738052956,0.0,0.06690497967226246,1.3932026923519079
870,1.606814557107465,0.0,0.09577358110018687,1.0252012702559776
871,1.9314138150818179,0.0,-0.1490971137708879,1.0852316332530023
872,3.8503032738052956,0.0,0.06690497967226246,1.3932026923519079
873,1.606814557107465,0.0,0.09577358110018687,1.0252012702559776
874,1.9314138150818179,0.0,-0.1490971137708879,1.0852316332530023
875,3.8503032738052956,0.0,0.06690497967226246,1.3932026923519079
876,1.606814557107465,0.0,0.09577358110018687,1.0252012702559776
877,1.9314138150818179,0.0,-0.1490971137708879,1.0852316332530023
878,3.8503032738052956,0.0,0.06690497967226246,1.3932026923519079
879,1.606814557107465,0.0,0.09577358110018687,1.0252012702559776
880,1.9314138150818179,0.0,-0.1490971137708879,1.0852316332530023
881,3.8503032738052956,0.0,0.06690497967226246,1.3932026923519079
882,1.606814557107465,0.0,0.09577358110018687,1.0252012702559776
883,1.9314138150818179,0.0,-0.1490971137708879,1.0852316332530023
884,3.8503032738052956,0.0,0.06690497967226246,1.3932026923519079
885,1.606814557107465,0.0,0.09577358110018687,1.0252012702559776
886,1.9314138150818179,0.0,-0.1490971137708879,1.0852316332530023
887,3.8503032738052956,0.0,0.06690497967226246,1.3932026923519079
888,1.606814557107465,0.0,0.09577358110018687,1.0252012702559776
889,1.9314138150818179,0.0,-0.1490971137708879,1.0852316332530023
890,3.8503032738052956,0.0,0.06690497967226246,1.3932026923519079
891,1.606814557107465,0.0,0.09577358110018687,1.0252012702559776
892,1.9314138150818179,0.0,-0.1490971137708879,1.0852316332530023
893,3.8503032738052956,0.0,0.06690497967226246,1.3932026923519079
894,1.606814557107465,0.0,0.09577358110018687,1.0252012702559776
895,1.9314138150818179,0.0,-0.1490971137708879,1.0852316332530023
896,3.8503032738052956,0.0,0.06690497967226246,1.3932026923519079
897,1.606814557107465,0.0,0.09577358110018687,1.0252012702559776
898,1.9314138150818179,0.0,-0.1490971137708879,1.0852316332530023
899,3.8503032738052956,0.0,0.06690497967226246,1.3932026923519079
900,1.606814557107465,0.0,0.09577358110018687,1.0252012702559776
901,1.9314138150818179,0.0,-0.1490971137708879,1.0852316332530023
902,3.8503032738052956,0.0,0.06690497967226246,1.3932026923519079
903,1.606814557107465,0.0,0.09577358110018687,1.0252012702559776
904,1.9314138150818179,0.0,-0.1490971137708879,1.0852316332530023
905,3.8503032738052956,0.0,0.06690497967226246,1.3932026923519079
906,1.606814557107465,0.0,0.09577358110018687,1.0252012702559776
907,1.9314138150818179,0.0,-0.1490971137708879,1.0852316332530023
908,3.8503032738052956,0.0,0.06690497967226246,1.3932026923519079
909,1.606814557107465,0.0,0.09577358110018687,1.0252012702559776
910,1.9314138150818179,0.0,-0.1490971137708879,1.0852316332530023
911,3.8503032738052956,0.0,0.06690497967226246,1.3932026923519079
912,1.606814557107465,0.0,0.09577358110018687,1.0252012702559776
913,1.9314138150818179,0.0,-0.1490971137708879,1.0852316332530023
914,3.8503032738052956,0.0,0.06690497967226246,1.3932026923519079
915,1.606814557107465,0.0,0.09577358110018687,1.0252012702559776
916,1.9314138150818179,0.0,-0.1490971137708879,1.0852316332530023
917,3.8503032738052956,0.0,0.06690497967226246,1.3932026923519079
918,1.606814557107465,0.0,0.09577358110018687,1.0252012702559776
919,1.9314138150818179,0.0,-0.1490971137708879,1.0852316332530023
920,3.8503032738052956,0.0,0.06690497967226246,1.3932026923519079
921,1.606814557107465,0.0,0.09577358110018687,1.0252012702559776
922,1.9314138150818179,0.0,-0.1490971137708879,1.0852316332530023
923,3.8503032738052956,0.0,0.06690497967226246,1.3932026923519079
924,1.606814557107465,0.0,0.09577358110018687,1.0252012702559776
925,1.9314138150818179,0.0,-0.1490971137708879,1.0852316332530023
926,3.8503032738052956,0.0,0.06690497967226246,1.3932026923519079
927,1.606814557107465,0.0,0.09577358110018687,1.0252012702559776
928,1.9314138150818179,0.0,-0.1490971137708879,1.0852316332530023
929,3.8503032738052956,0.0,0.06690497967226246,1.3932026923519079
930,1.606814557107465,0.0,0.09577358110018687,1.0252012702559776
931,1.9314138150818179,0.0,-0.1490971137708879,1.0852316332530023
932,3.8503032738052956,0.0,0.06690497967226246,1.3932026923519079
933,1.606814557107465,0.0,0.09577358110018687,1.0252012702559776
934,1.9314138150818179,0.0,-0.1490971137708879,1.0852316332530023
935,3.8503032738052956,0.0,0.06690497967226246,1.3932026923519079
936,1.606814557107465,0.0,0.09577358110018687,1.0252012702559776
937,1.9314138150818179,0.0,-0.1490971137708879,1.0852316332530023
938,3.8503032738052956,0.0,0.06690497967226246,1.3932026923519079
939,1.606814557107465,0.0,0.09577358110018687,1.0252012702559776
940,1.9314138150818179,0.0,-0.1490971137708879,1.0852316332530023
941,3.8503032738052956,0.0,0.06690497967226246,1.3932026923519079
942,1.606814557107465,0.0,0.09577358110018687,1.0252012702559776
943,1.9314138150818179,0.0,-0.1490971137708879,1.0852316332530023
944,3.8503032738052956,0.0,0.06690497967226246,1.3932026923519079
945,1.606814557107465,0.0,0.09577358110018687,1.0252012702559776
946,1.9314138150818179,0.0,-0.1490971137708879,1.0852316332530023
947,3.8503032738052956,0.0,0.06690497967226246,1.3932026923519079
948,1.606814557107465,0.0,0.09577358110018687,1.0252012702559776
949,1.9314138150818179,0.0,-0.1490971137708879,1.0852316332530023
950,3.8503032738052956,0.0,0.06690497967226246,1.3932026923519079
951,1.606814557107465,0.0,0.09577358110018687,1.0252012702559776
952,1.9314138150818179,0.0,-0.1490971137708879,1.0852316332530023
953,3.8503032738052956,0.0,0.06690497967226246,1.3932026923519079
954,1.606814557107465,0.0,0.09577358110018687,1.0252012702559776
955,1.9314138150818179,0.0,-0.1490971137708879,1.0852316332530023
956,3.8503032738052956,0.0,0.06690497967226246,1.3932026923519079
957,1.606814557107465,0.0,0.09577358110018687,1.0252012702559776
958,1.9314138150818179,0.0,-0.1490971137708879,1.0852316332530023
959,3.8503032738052956,0.0,0.06690497967226246,1.3932026923519079
960,1.606814557107465,0.0,0.09577358110018687,1.0252012702559776
961,1.9314138150818179,0.0,-0.1490971137708879,1.0852316332530023
962,3.8503032738052956,0.0,0.06690497967226246,1.3932026923519079
963,1.606814557107465,0.0,0.09577358110018687,1.0252012702559776
964,1.9314138150818179,0.0,-0.1490971137708879,1.0852316332530023
965,3.8503032738052956,0.0,0.06690497967226246,1.3932026923519079
966,1.606814557107465,0.0,0.09577358110018687,1.0252012702559776
967,1.9314138150818179,0.0,-0.1490971137708879,1.0852316332530023
968,3.8503032738052956,0.0,0.06690497967226246,1.3932026923519079
969,1.606814557107465,0.0,0.09577358110018687,1.0252012702559776
970,1.9314138150818179,0.0,-0.1490971137708879,1.0852316332530023
971,3.8503032738052956,0.0,0.06690497967226246,1.3932026923519079
972,1.606814557107465,0.0,0.09577358110018687,1.0252012702559776
973,1.9314138150818179,0.0,-0.1490971137708879,1.0852316332530023
974,3.8503032738052956,0.0,0.06690497967226246,1.3932026923519079
975,1.606814557107465,0.0,0.09577358110018687,1.0252012702559776
976,1.9314138150818179,0.0,-0.1490971137708879,1.0852316332530023
977,3.8503032738052956,0.0,0.06690497967226246,1.3932026923519079
978,1.606814557107465,0.0,0.09577358110018687,1.0252012702559776
979,1.9314138150818179,0.0,-0.1490971137708879,1.0852316332530023
980,3.8503032738052956,0.0,0.06690497967226246,1.3932026923519079
981,1.606814557107465,0.0,0.09577358110018687,1.0252012702559776
982,1.9314138150818179,0.0,-0.1490971137708879,1.0852316332530023
983,3.8503032738052956,0.0,0.06690497967226246,1.3932026923519079
984,1.606814557107465,0.0,0.09577358110018687,1.0252012702559776
985,1.9314138150818179,0.0,-0.1490971137708879,1.0852316332530023
986,3.8503032738052956,0.0,0.06690497967226246,1.3932026923519079
987,1.606814557107465,0.0,0.09577358110018687,1.0252012702559776
988,1.9314138150818179,0.0,-0.1490971137708879,1.0852316332530023
989,3.8503032738052956,0.0,0.06690497967226246,1.3932026923519079
990,1.606814557107465,0.0,0.09577358110018687,1.0252012702559776
991,1.9314138150818179,0.0,-0.1490971137708879,1.0852316332530023
992,3.8503032738052956,0.0,0.06690497967226246,1.3932026923519079
993,1.606814557107465,0.0,0.09577358110018687,1.0252012702559776
994,1.9314138150818179,0.0,-0.1490971137708879,1.0852316332530023
995,3.8503032738052956,0.0,0.06690497967226246,1.3932026923519079
996,1.606814557107465,0.0,0.09577358110018687,1.0252012702559776
997,1.9314138150818179,0.0,-0.1490971137708879,1.0852316332530023
998,3.8503032738052956,0.0,0.06690497967226246,1.3932026923519079
999,1.606814557107465,0.0,0.09577358110018687,1.0252012702559776
1000,1.9314138150818179,0.0,-0.1490971137708879,1.0852316332530023
